year,BUYER_COUNTY,BUYER_STATE,strength
2006,PALAU,PW,208.838621
2007,PALAU,PW,245.488395
2008,PALAU,PW,71.50115
2009,PALAU,PW,42.621
2010,PALAU,PW,140.17045000000002
2011,PALAU,PW,3.3151499999999996
2012,PALAU,PW,98.50895
2013,PALAU,PW,27.52458
2014,PALAU,PW,152.2964225
2015,PALAU,PW,69.2819325
2016,PALAU,PW,119.6445925
2017,PALAU,PW,61.202825
2018,PALAU,PW,49.72725
2019,PALAU,PW,3.3151499999999996
